id,servis,harga,skor
B03,90.0,300000.0,88.07575757575756
B15,87.0,290000.0,87.79478827361565
B19,89.0,310000.0,87.79478827361565
B08,65.0,190000.0,87.66859344894024
B07,88.0,320000.0,87.49645390070918
